feature,group,importance
days_since_last_review,recency,0.35444981827838545
days_since_last_checkin,recency,0.06579629123944652
log_review_count,popularity,0.0555788963524158
business_age_days,reviews,0.03927690862839969
days_since_last_tip,recency,0.02532579952276093
log_n_checkins,tips_checkins_photos,0.022621890373931832
latitude,location,0.021749805709094055
stars,other_label,0.021599893289011195
avg_review_length,reviews,0.018679233184250844
share_reviews_last_year,recency,0.01754560854492872
avg_review_useful,reviews,0.016698335578094678
weekly_open_hours,hours,0.016588611787450972
n_attributes,attributes,0.016384947586761713
avg_review_cool,reviews,0.013977478031383796
longitude,location,0.013814818880914946
n_categories,categories,0.013568201085076241
avg_review_funny,reviews,0.012928533230749157
attr_ByAppointmentOnly,attributes,0.012278379394920776
log_n_tips,tips_checkins_photos,0.011170103579530508
n_open_days,hours,0.009822914612159655
