model,params,fit_seconds,search_seconds,train_f1,val_f1,train_pr_auc,val_pr_auc
LogisticRegression,"{""regParam"": 0.0005, ""elasticNetParam"": 0.0}",3.41,3.41,0.5421757247982978,0.545637415137038,0.6180996316271566,0.6243789533393828
LogisticRegression,"{""regParam"": 0.0005, ""elasticNetParam"": 0.5}",10.03,10.03,0.5420577329098877,0.5456680365679778,0.6176308788436253,0.6240519814195762
LogisticRegression,"{""regParam"": 0.0005, ""elasticNetParam"": 1.0}",6.49,6.49,0.5416918107273436,0.5449362843729042,0.6171167943336143,0.6236384785444071
LogisticRegression,"{""regParam"": 0.005, ""elasticNetParam"": 0.0}",1.86,1.86,0.5424204727208104,0.5457138064083208,0.6164443407195923,0.6229026445283339
LogisticRegression,"{""regParam"": 0.005, ""elasticNetParam"": 0.5}",2.53,2.53,0.5399996445265984,0.5434107876855969,0.6087073331311795,0.6160020688647271
LogisticRegression,"{""regParam"": 0.005, ""elasticNetParam"": 1.0}",2.39,2.39,0.5363867503511548,0.5411981876153718,0.6016451831786938,0.6093148889840324
LogisticRegression,"{""regParam"": 0.05, ""elasticNetParam"": 0.0}",1.24,1.24,0.5372177556538399,0.53815600439449,0.6038933774550701,0.6107448797013811
LogisticRegression,"{""regParam"": 0.05, ""elasticNetParam"": 0.5}",2.02,2.02,0.5023882512297712,0.5084945332211943,0.5356505614513036,0.5492701035043028
LogisticRegression,"{""regParam"": 0.05, ""elasticNetParam"": 1.0}",2.19,2.19,0.47126145376842565,0.47921095144970666,0.45743972340293815,0.468850688539733
DecisionTreeClassifier,"{""maxDepth"": 2, ""minInstancesPerNode"": 1}",0.63,0.63,0.41731060141461224,0.4206777050442819,0.3284814337464872,0.3275682172173441
DecisionTreeClassifier,"{""maxDepth"": 2, ""minInstancesPerNode"": 20}",0.47,0.47,0.41731060141461224,0.4206777050442819,0.3284814337464872,0.3275682172173441
DecisionTreeClassifier,"{""maxDepth"": 4, ""minInstancesPerNode"": 1}",0.59,0.59,0.4795554070452507,0.47361881885198376,0.42774084636038556,0.43014953226338404
DecisionTreeClassifier,"{""maxDepth"": 4, ""minInstancesPerNode"": 20}",0.53,0.53,0.4795554070452507,0.47361881885198376,0.42774084636038556,0.43014953226338404
DecisionTreeClassifier,"{""maxDepth"": 6, ""minInstancesPerNode"": 1}",0.65,0.65,0.5154096981171769,0.5070840197693576,0.5283094974584759,0.5309696149554445
DecisionTreeClassifier,"{""maxDepth"": 6, ""minInstancesPerNode"": 20}",0.66,0.66,0.5152030283380943,0.5069587416618628,0.5260005809828452,0.528472074713
DecisionTreeClassifier,"{""maxDepth"": 8, ""minInstancesPerNode"": 1}",0.81,0.81,0.5496543521891029,0.5376249780740222,0.5923337137362258,0.5108199888282409
DecisionTreeClassifier,"{""maxDepth"": 8, ""minInstancesPerNode"": 20}",0.76,0.76,0.5476247845346875,0.5381990023628248,0.5814271190747538,0.5723172563736456
DecisionTreeClassifier,"{""maxDepth"": 10, ""minInstancesPerNode"": 1}",1.05,1.05,0.5774125699618552,0.5305985205110961,0.6481609533983901,0.5680948614035974
DecisionTreeClassifier,"{""maxDepth"": 10, ""minInstancesPerNode"": 20}",1.02,1.02,0.5680945028903809,0.5338882282996432,0.6209043411142336,0.5958666026730248
DecisionTreeClassifier,"{""maxDepth"": 12, ""minInstancesPerNode"": 1}",1.25,1.25,0.6320439081237547,0.5373690750932008,0.7160639176986809,0.5322378058357803
DecisionTreeClassifier,"{""maxDepth"": 12, ""minInstancesPerNode"": 20}",1.2,1.2,0.5978805042938059,0.5325597506061656,0.657379435349316,0.6035029296036257
DecisionTreeClassifier,"{""maxDepth"": 15, ""minInstancesPerNode"": 1}",1.71,1.71,0.7093339374716809,0.5214615111741752,0.8198327230886865,0.4621215543473574
DecisionTreeClassifier,"{""maxDepth"": 15, ""minInstancesPerNode"": 20}",1.65,1.65,0.620913170453736,0.5226563159227069,0.687097392893251,0.6054731775843505
RandomForestClassifier,"{""numTrees"": 10, ""maxDepth"": 12}",2.0,2.0,0.6275728944427512,0.5745148647356849,0.7200811027933004,0.6515433510067027
RandomForestClassifier,"{""numTrees"": 30, ""maxDepth"": 12}",4.47,4.47,0.645295793254345,0.583930148140881,0.7362377310394549,0.6640308676939033
RandomForestClassifier,"{""numTrees"": 60, ""maxDepth"": 12}",8.83,8.83,0.6497701577835756,0.5913745569121701,0.743615401184839,0.6687243047606439
RandomForestClassifier,"{""numTrees"": 100, ""maxDepth"": 12}",15.91,15.91,0.6512409728563128,0.5878758008871365,0.742752128699244,0.6688079756928562
RandomForestClassifier,"{""numTrees"": 60, ""maxDepth"": 6}",3.02,3.02,0.5181192744932122,0.5176041032774058,0.5807957665460229,0.5886789087622668
RandomForestClassifier,"{""numTrees"": 60, ""maxDepth"": 9}",4.83,4.83,0.5748953814992452,0.560821769688232,0.6550318394428348,0.6383308392022311
RandomForestClassifier,"{""numTrees"": 60, ""maxDepth"": 15}",16.51,16.51,0.738613286916159,0.6050934528363756,0.8311907563587659,0.6818115259234232
GBTClassifier,"{""maxDepth"": 3, ""stepSize"": 0.1, ""maxIter"": 200}",46.82,46.82,0.5939760376868579,0.5864267621626343,0.6870210743594407,0.6785792159466633
GBTClassifier,"{""maxDepth"": 5, ""stepSize"": 0.1, ""maxIter"": 200}",67.4,67.4,0.6540962789086852,0.6030707731443626,0.7658279954115113,0.7113532725059202
GBTClassifier,"{""maxDepth"": 7, ""stepSize"": 0.1, ""maxIter"": 198}",91.08,182.96,0.7466586151368759,0.6151337872830153,0.8560754711502705,0.7191844772954453
GBTClassifier,"{""maxDepth"": 5, ""stepSize"": 0.3, ""maxIter"": 200}",65.47,65.47,0.7261409143174339,0.6140039263344864,0.8338728097604441,0.7156029730492212
